{
  "seed": "YTcwODhlMmRiNTBkOGZhYWNmMDFkMGIwYmQ2MDU3MzE=",
  "initial_x": 0.35069884416377006,
  "initial_y": -0.03461378878690691,
  "coefficients": [
    0.4322596023289895,
    0.5726301449353781,
    0.24227914205772727,
    -0.5059978538465244,
    -1.191333413959029,
    -1.462016928231972,
    0.3308357396477515,
    0.9504151134773489,
    -0.19191982217381343,
    -0.3891941983893479,
    -0.38051016913447766,
    0.4691140421870066
  ],
  "num_points": 9901
}